volunteer_id,skill,preferred_task,location,available_time,language,transport,task_history,rating_reliability
1,Education,Medical,Surat,6 hrs/day,Gujarati,Car,26,4.23
2,Rescue,Education,Vadodara,5 hrs/day,Hindi,Car,50,3.97
3,Rescue,Medical,Rajkot,6 hrs/day,Gujarati,None,13,3.23
4,Water,Water,Surat,6 hrs/day,Hindi,Bike,14,2.68
5,Food,Rescue,Vadodara,7 hrs/day,Gujarati,None,21,4.38
6,Medical,Medical,Surat,8 hrs/day,Gujarati,Bike,39,4.14
7,Rescue,Medical,Rajkot,7 hrs/day,English,Car,47,3.05
8,Food,Food,Surat,4 hrs/day,Gujarati,Car,16,2.95
9,Food,Water,Rajkot,2 hrs/day,Hindi,Car,21,4.12
10,Medical,Medical,Surat,3 hrs/day,English,Car,29,3.69
11,Medical,Medical,Ahmedabad,8 hrs/day,English,Car,48,4.93
12,Rescue,Rescue,Rajkot,5 hrs/day,Gujarati,Bike,38,3.64
13,Water,Education,Ahmedabad,5 hrs/day,Hindi,Car,41,4.17
14,Education,Medical,Ahmedabad,2 hrs/day,Gujarati,None,43,4.64
15,Medical,Medical,Surat,5 hrs/day,Hindi,None,49,4.56
16,Water,Food,Ahmedabad,4 hrs/day,Gujarati,Car,33,4.78
17,Medical,Education,Navsari,2 hrs/day,Hindi,None,15,4.24
18,Medical,Water,Surat,7 hrs/day,Gujarati,Car,27,3.83
19,Medical,Water,Surat,8 hrs/day,Hindi,Bike,27,3.96
20,Medical,Rescue,Navsari,7 hrs/day,Hindi,Bike,33,2.92
21,Rescue,Rescue,Vadodara,7 hrs/day,English,Bike,7,4.77
22,Rescue,Rescue,Navsari,6 hrs/day,English,None,23,3.39
23,Food,Water,Vadodara,6 hrs/day,Hindi,Car,26,2.76
24,Food,Medical,Surat,2 hrs/day,Gujarati,Bike,47,2.61
25,Medical,Rescue,Surat,5 hrs/day,English,None,37,2.97
26,Education,Medical,Navsari,3 hrs/day,Gujarati,None,15,3.35
27,Medical,Education,Ahmedabad,2 hrs/day,Hindi,Bike,16,3.6
28,Education,Food,Vadodara,4 hrs/day,English,Car,29,4.35
29,Food,Rescue,Navsari,8 hrs/day,Hindi,Car,35,2.68
30,Medical,Water,Surat,8 hrs/day,English,Bike,32,4.13
31,Water,Food,Rajkot,4 hrs/day,Hindi,Car,1,4.23
32,Medical,Medical,Navsari,3 hrs/day,Hindi,Bike,47,3.64
33,Water,Water,Vadodara,6 hrs/day,Hindi,None,3,2.85
34,Education,Education,Vadodara,4 hrs/day,Hindi,None,26,2.69
35,Food,Rescue,Vadodara,6 hrs/day,Hindi,Bike,32,3.33
36,Education,Water,Ahmedabad,7 hrs/day,English,Bike,28,3.68
37,Rescue,Rescue,Surat,7 hrs/day,English,Bike,22,2.85
38,Water,Food,Rajkot,3 hrs/day,English,Bike,1,4.3
39,Education,Water,Vadodara,3 hrs/day,English,Bike,28,4.18
40,Education,Food,Surat,1 hrs/day,Hindi,None,3,3.35
41,Rescue,Food,Navsari,8 hrs/day,Hindi,None,48,2.8
42,Education,Rescue,Rajkot,7 hrs/day,Hindi,None,14,4.41
43,Medical,Water,Vadodara,5 hrs/day,Hindi,Car,26,4.52
44,Food,Food,Ahmedabad,8 hrs/day,Hindi,Bike,20,2.88
45,Rescue,Rescue,Ahmedabad,8 hrs/day,Hindi,Car,46,3.55
46,Food,Medical,Ahmedabad,6 hrs/day,Gujarati,Bike,42,4.16
47,Food,Medical,Ahmedabad,8 hrs/day,Gujarati,Car,21,3.57
48,Medical,Rescue,Vadodara,4 hrs/day,Gujarati,Car,49,4.04
49,Medical,Medical,Navsari,4 hrs/day,English,None,1,4.6
50,Food,Medical,Navsari,3 hrs/day,Gujarati,Bike,43,2.58
51,Water,Medical,Vadodara,3 hrs/day,English,Car,45,4.55
52,Medical,Medical,Rajkot,2 hrs/day,Gujarati,None,9,4.13
53,Education,Food,Surat,3 hrs/day,English,None,4,2.57
54,Medical,Medical,Ahmedabad,6 hrs/day,Hindi,Car,44,3.98
55,Food,Education,Ahmedabad,1 hrs/day,Gujarati,Bike,21,4.4
56,Rescue,Water,Rajkot,6 hrs/day,Gujarati,Car,34,3.27
57,Food,Food,Ahmedabad,1 hrs/day,Gujarati,None,23,2.68
58,Water,Water,Ahmedabad,3 hrs/day,English,Car,38,3.94
59,Food,Water,Rajkot,1 hrs/day,English,Bike,3,4.96
60,Water,Medical,Vadodara,6 hrs/day,English,None,1,3.15
61,Medical,Food,Ahmedabad,5 hrs/day,Gujarati,Car,11,4.11
62,Education,Rescue,Ahmedabad,7 hrs/day,Hindi,None,33,4.49
63,Water,Water,Surat,4 hrs/day,Gujarati,None,50,2.72
64,Rescue,Food,Surat,4 hrs/day,Hindi,Bike,11,4.37
65,Rescue,Medical,Navsari,3 hrs/day,English,None,25,3.56
66,Rescue,Rescue,Rajkot,6 hrs/day,English,Bike,20,4.06
67,Water,Food,Rajkot,4 hrs/day,English,Car,49,2.63
68,Medical,Food,Ahmedabad,8 hrs/day,English,Bike,12,4.7
69,Food,Water,Vadodara,7 hrs/day,English,Car,4,3.46
70,Medical,Education,Vadodara,6 hrs/day,Hindi,Bike,7,2.65
71,Rescue,Education,Surat,2 hrs/day,English,Car,16,3.8
72,Food,Rescue,Surat,5 hrs/day,English,None,48,3.93
73,Food,Education,Navsari,6 hrs/day,English,None,4,2.96
74,Medical,Medical,Ahmedabad,5 hrs/day,Gujarati,None,35,2.61
75,Medical,Medical,Ahmedabad,8 hrs/day,English,None,15,4.14
76,Rescue,Rescue,Ahmedabad,6 hrs/day,English,None,13,2.83
77,Food,Rescue,Vadodara,6 hrs/day,English,Car,3,3.44
78,Education,Food,Navsari,6 hrs/day,English,Car,50,4.41
79,Rescue,Rescue,Navsari,6 hrs/day,Gujarati,Bike,38,4.14
80,Education,Education,Surat,5 hrs/day,Gujarati,Car,22,4.9
81,Food,Medical,Navsari,6 hrs/day,Hindi,Bike,5,3.27
82,Rescue,Water,Navsari,7 hrs/day,Hindi,Car,0,3.06
83,Medical,Rescue,Ahmedabad,3 hrs/day,Gujarati,Car,21,2.62
84,Education,Medical,Navsari,8 hrs/day,English,Bike,6,3.25
85,Medical,Food,Ahmedabad,4 hrs/day,English,Bike,30,3.75
86,Education,Food,Vadodara,1 hrs/day,Gujarati,Bike,1,4.47
87,Education,Rescue,Rajkot,3 hrs/day,English,None,12,4.73
88,Food,Water,Navsari,5 hrs/day,Hindi,Car,0,2.85
89,Medical,Rescue,Vadodara,2 hrs/day,Hindi,Car,44,3.17
90,Medical,Food,Rajkot,3 hrs/day,Gujarati,Car,34,2.55
91,Food,Rescue,Rajkot,7 hrs/day,English,Bike,11,3.76
92,Rescue,Education,Navsari,8 hrs/day,Hindi,Car,13,4.43
93,Food,Water,Vadodara,6 hrs/day,Gujarati,Bike,22,2.74
94,Education,Medical,Rajkot,3 hrs/day,Hindi,None,28,4.73
95,Rescue,Food,Surat,5 hrs/day,English,None,29,2.56
96,Food,Water,Ahmedabad,4 hrs/day,Hindi,Car,17,3.82
97,Rescue,Water,Rajkot,3 hrs/day,Gujarati,Bike,16,2.86
98,Food,Rescue,Ahmedabad,5 hrs/day,English,Bike,15,4.48
99,Food,Food,Ahmedabad,7 hrs/day,Gujarati,Bike,43,3.47
100,Rescue,Medical,Navsari,6 hrs/day,Gujarati,Car,34,4.64
101,Medical,Water,Ahmedabad,2 hrs/day,English,None,31,4.1
102,Education,Medical,Vadodara,6 hrs/day,Hindi,Car,30,3.48
103,Food,Education,Ahmedabad,4 hrs/day,English,Bike,26,4.33
104,Water,Water,Surat,7 hrs/day,Hindi,None,3,4.91
105,Education,Water,Rajkot,6 hrs/day,English,None,48,3.22
106,Education,Food,Surat,3 hrs/day,Hindi,Bike,39,4.15
107,Water,Food,Rajkot,1 hrs/day,Hindi,Car,7,4.91
108,Education,Food,Navsari,1 hrs/day,Gujarati,None,44,3.87
109,Food,Rescue,Rajkot,4 hrs/day,Hindi,Car,38,4.0
110,Medical,Food,Navsari,8 hrs/day,Hindi,Bike,17,2.96
111,Education,Water,Vadodara,7 hrs/day,Gujarati,Car,20,2.83
112,Water,Rescue,Vadodara,1 hrs/day,Gujarati,Bike,32,2.8
113,Water,Education,Rajkot,7 hrs/day,Hindi,Bike,14,3.1
114,Medical,Rescue,Surat,6 hrs/day,Hindi,Bike,50,4.76
115,Education,Rescue,Rajkot,6 hrs/day,Gujarati,None,38,3.93
116,Rescue,Rescue,Ahmedabad,3 hrs/day,English,None,32,3.34
117,Medical,Rescue,Navsari,1 hrs/day,English,None,17,4.78
118,Medical,Food,Surat,5 hrs/day,English,Car,21,3.95
119,Rescue,Medical,Rajkot,3 hrs/day,English,Car,25,3.12
120,Medical,Rescue,Rajkot,7 hrs/day,Hindi,Car,46,3.54
121,Rescue,Water,Surat,4 hrs/day,Gujarati,Bike,11,3.12
122,Rescue,Food,Navsari,2 hrs/day,Gujarati,None,27,3.6
123,Water,Rescue,Vadodara,1 hrs/day,English,Bike,23,4.26
124,Rescue,Medical,Surat,3 hrs/day,Hindi,Bike,41,4.24
125,Food,Food,Navsari,8 hrs/day,Gujarati,None,10,2.89
126,Medical,Medical,Vadodara,3 hrs/day,Hindi,None,37,4.73
127,Water,Food,Navsari,5 hrs/day,Gujarati,None,4,2.91
128,Food,Medical,Surat,3 hrs/day,Gujarati,None,31,3.87
129,Rescue,Water,Navsari,2 hrs/day,Gujarati,Car,22,2.61
130,Medical,Rescue,Surat,3 hrs/day,Hindi,None,26,3.87
131,Medical,Education,Vadodara,8 hrs/day,English,Bike,25,2.56
132,Rescue,Education,Rajkot,7 hrs/day,Gujarati,Car,20,4.35
133,Water,Education,Surat,5 hrs/day,Hindi,Bike,45,4.9
134,Water,Water,Rajkot,8 hrs/day,Hindi,Car,3,3.72
135,Rescue,Food,Surat,8 hrs/day,Gujarati,Car,19,2.65
136,Water,Medical,Surat,5 hrs/day,Gujarati,None,13,3.52
137,Rescue,Food,Surat,5 hrs/day,English,Car,12,2.59
138,Food,Water,Vadodara,6 hrs/day,Gujarati,Car,17,3.18
139,Medical,Medical,Surat,2 hrs/day,Hindi,Car,43,4.08
140,Water,Water,Rajkot,1 hrs/day,Hindi,Car,43,4.79
141,Medical,Education,Surat,8 hrs/day,English,Bike,9,3.03
142,Food,Medical,Navsari,4 hrs/day,English,Bike,12,3.6
143,Medical,Education,Ahmedabad,7 hrs/day,Hindi,Bike,22,2.55
144,Water,Rescue,Navsari,2 hrs/day,Hindi,None,30,3.74
145,Education,Water,Ahmedabad,5 hrs/day,English,Car,23,4.87
146,Medical,Education,Surat,4 hrs/day,Hindi,Bike,33,4.33
147,Education,Food,Rajkot,2 hrs/day,Hindi,Bike,25,3.58
148,Medical,Medical,Surat,1 hrs/day,Gujarati,None,6,3.49
149,Medical,Water,Rajkot,1 hrs/day,Hindi,Car,2,2.87
150,Education,Water,Navsari,2 hrs/day,English,Bike,26,3.24
151,Water,Medical,Surat,2 hrs/day,Hindi,None,38,3.97
152,Food,Rescue,Navsari,8 hrs/day,Hindi,None,1,3.21
153,Rescue,Food,Surat,6 hrs/day,Hindi,None,0,3.43
154,Food,Water,Rajkot,1 hrs/day,English,None,12,3.06
155,Water,Education,Rajkot,7 hrs/day,Hindi,None,23,4.5
156,Medical,Education,Surat,6 hrs/day,English,Bike,1,2.93
157,Food,Education,Ahmedabad,5 hrs/day,English,None,42,4.16
158,Food,Medical,Navsari,2 hrs/day,Gujarati,Car,9,4.94
159,Food,Water,Rajkot,6 hrs/day,English,None,25,3.61
160,Food,Rescue,Ahmedabad,3 hrs/day,English,Car,37,3.26
161,Rescue,Medical,Rajkot,3 hrs/day,Gujarati,Bike,2,3.79
162,Rescue,Food,Rajkot,1 hrs/day,Gujarati,Bike,21,4.59
163,Medical,Food,Navsari,6 hrs/day,English,None,18,3.41
164,Water,Water,Ahmedabad,8 hrs/day,Hindi,Bike,3,3.97
165,Medical,Medical,Vadodara,2 hrs/day,English,None,29,3.95
166,Water,Rescue,Ahmedabad,2 hrs/day,English,Bike,16,3.51
167,Water,Food,Navsari,5 hrs/day,Hindi,Car,22,4.43
168,Medical,Water,Rajkot,7 hrs/day,Hindi,Bike,2,4.86
169,Education,Rescue,Navsari,6 hrs/day,Hindi,None,10,4.4
170,Rescue,Education,Vadodara,7 hrs/day,English,None,39,4.93
171,Food,Water,Navsari,1 hrs/day,Hindi,Car,25,3.61
172,Education,Food,Rajkot,2 hrs/day,Hindi,Car,50,4.43
173,Education,Rescue,Rajkot,7 hrs/day,Gujarati,Bike,37,3.17
174,Food,Education,Navsari,8 hrs/day,Hindi,Bike,31,4.79
175,Water,Education,Rajkot,1 hrs/day,Gujarati,Bike,3,4.62
176,Rescue,Education,Vadodara,8 hrs/day,Gujarati,Car,42,3.13
177,Education,Medical,Surat,4 hrs/day,English,None,17,4.05
178,Food,Water,Surat,4 hrs/day,English,None,48,3.12
179,Water,Rescue,Vadodara,4 hrs/day,Gujarati,Car,6,3.15
180,Medical,Water,Rajkot,5 hrs/day,Gujarati,None,34,3.89
181,Rescue,Food,Vadodara,2 hrs/day,Gujarati,Bike,2,4.34
182,Food,Education,Vadodara,3 hrs/day,Hindi,Bike,26,3.75
183,Medical,Medical,Surat,5 hrs/day,Gujarati,Car,37,4.67
184,Water,Education,Vadodara,6 hrs/day,English,Bike,11,3.01
185,Education,Rescue,Surat,8 hrs/day,English,None,27,2.81
186,Medical,Rescue,Vadodara,1 hrs/day,Gujarati,Car,46,3.9
187,Water,Education,Vadodara,4 hrs/day,Hindi,None,19,4.48
188,Water,Water,Vadodara,8 hrs/day,Gujarati,None,22,4.95
189,Water,Water,Navsari,3 hrs/day,Gujarati,None,40,4.8
190,Education,Water,Rajkot,3 hrs/day,Gujarati,None,33,3.13
191,Water,Water,Ahmedabad,6 hrs/day,Gujarati,Car,40,4.48
192,Medical,Rescue,Vadodara,5 hrs/day,English,Car,50,3.6
193,Medical,Medical,Navsari,7 hrs/day,Hindi,Bike,37,3.18
194,Rescue,Medical,Vadodara,3 hrs/day,Hindi,Car,20,4.88
195,Water,Rescue,Navsari,1 hrs/day,English,Bike,11,3.71
196,Medical,Water,Rajkot,7 hrs/day,Gujarati,Car,11,3.14
197,Education,Rescue,Vadodara,4 hrs/day,Hindi,Car,0,3.93
198,Medical,Medical,Rajkot,4 hrs/day,Hindi,Car,23,3.0
199,Rescue,Rescue,Ahmedabad,7 hrs/day,Gujarati,Car,31,4.28
200,Water,Education,Rajkot,7 hrs/day,Hindi,Bike,8,3.76
201,Medical,Medical,Surat,8 hrs/day,English,Car,30,3.56
202,Water,Rescue,Vadodara,3 hrs/day,Hindi,None,1,3.11
203,Medical,Water,Vadodara,4 hrs/day,Gujarati,Car,11,3.41
204,Medical,Water,Surat,3 hrs/day,English,None,50,4.79
205,Food,Water,Rajkot,5 hrs/day,English,Bike,27,2.56
206,Food,Rescue,Surat,4 hrs/day,Gujarati,Car,42,4.48
207,Education,Water,Navsari,1 hrs/day,English,None,43,2.61
208,Medical,Rescue,Surat,8 hrs/day,English,None,44,4.44
209,Food,Education,Surat,5 hrs/day,English,Bike,5,3.01
210,Water,Education,Rajkot,1 hrs/day,English,Car,3,3.76
211,Water,Education,Ahmedabad,1 hrs/day,Gujarati,Bike,34,4.14
212,Water,Medical,Ahmedabad,5 hrs/day,Hindi,Car,2,2.73
213,Food,Medical,Ahmedabad,7 hrs/day,English,None,8,4.34
214,Rescue,Food,Rajkot,8 hrs/day,English,None,15,2.71
215,Water,Food,Ahmedabad,5 hrs/day,English,None,0,4.09
216,Food,Water,Ahmedabad,8 hrs/day,Gujarati,Car,37,4.67
217,Rescue,Food,Navsari,2 hrs/day,Gujarati,Bike,47,3.73
218,Food,Food,Ahmedabad,8 hrs/day,English,None,48,4.11
219,Food,Rescue,Ahmedabad,1 hrs/day,English,None,9,2.7
220,Medical,Education,Ahmedabad,5 hrs/day,English,None,38,2.92
221,Education,Water,Rajkot,4 hrs/day,English,None,10,4.0
222,Food,Food,Rajkot,4 hrs/day,Gujarati,None,29,4.56
223,Education,Medical,Surat,6 hrs/day,Hindi,Car,37,3.04
224,Water,Education,Ahmedabad,5 hrs/day,Hindi,Car,5,3.65
225,Medical,Water,Rajkot,2 hrs/day,Hindi,Car,49,2.79
226,Medical,Water,Vadodara,1 hrs/day,Gujarati,Bike,35,3.34
227,Education,Food,Navsari,4 hrs/day,Gujarati,None,49,4.19
228,Rescue,Medical,Ahmedabad,7 hrs/day,English,Bike,9,3.13
229,Education,Water,Rajkot,7 hrs/day,Hindi,None,24,3.95
230,Water,Water,Navsari,2 hrs/day,English,Bike,46,3.04
231,Rescue,Rescue,Surat,6 hrs/day,English,Car,50,3.65
232,Water,Medical,Ahmedabad,4 hrs/day,English,None,12,4.37
233,Medical,Medical,Ahmedabad,2 hrs/day,Hindi,Bike,8,4.17
234,Education,Water,Navsari,6 hrs/day,Gujarati,Car,4,3.83
235,Education,Medical,Ahmedabad,4 hrs/day,English,Bike,28,3.17
236,Education,Rescue,Rajkot,5 hrs/day,Gujarati,Car,8,4.62
237,Rescue,Water,Surat,7 hrs/day,Hindi,Car,31,4.36
238,Medical,Medical,Vadodara,7 hrs/day,Hindi,Car,14,3.37
239,Food,Food,Navsari,3 hrs/day,Hindi,None,22,3.63
240,Food,Food,Rajkot,4 hrs/day,Hindi,Car,39,4.53
241,Medical,Water,Surat,2 hrs/day,English,Bike,31,4.61
242,Medical,Education,Rajkot,4 hrs/day,Hindi,Car,16,4.58
243,Food,Food,Rajkot,1 hrs/day,Gujarati,None,5,4.17
244,Medical,Medical,Rajkot,1 hrs/day,Gujarati,Bike,44,3.66
245,Medical,Rescue,Vadodara,4 hrs/day,English,Car,43,3.03
246,Medical,Education,Rajkot,3 hrs/day,English,Bike,48,4.87
247,Education,Food,Navsari,5 hrs/day,English,None,2,2.96
248,Water,Medical,Vadodara,6 hrs/day,Hindi,Bike,35,3.72
249,Education,Education,Vadodara,6 hrs/day,Hindi,None,10,3.93
250,Education,Rescue,Navsari,5 hrs/day,English,Bike,31,3.94
251,Education,Water,Rajkot,4 hrs/day,Gujarati,None,42,3.05
252,Education,Water,Ahmedabad,4 hrs/day,Gujarati,Bike,30,4.03
253,Education,Water,Navsari,1 hrs/day,Hindi,Car,3,3.31
254,Education,Medical,Vadodara,7 hrs/day,Hindi,None,31,3.88
255,Education,Rescue,Ahmedabad,4 hrs/day,English,Car,30,4.64
256,Rescue,Education,Vadodara,8 hrs/day,Hindi,Car,31,2.7
257,Water,Medical,Rajkot,4 hrs/day,Gujarati,Car,0,3.72
258,Food,Rescue,Surat,1 hrs/day,Gujarati,None,31,4.02
259,Rescue,Rescue,Rajkot,1 hrs/day,English,None,20,2.95
260,Rescue,Water,Ahmedabad,2 hrs/day,Hindi,Bike,26,3.43
261,Medical,Education,Surat,3 hrs/day,English,Bike,5,4.95
262,Food,Rescue,Vadodara,2 hrs/day,Hindi,None,22,4.79
263,Education,Water,Ahmedabad,4 hrs/day,English,Bike,5,3.76
264,Medical,Water,Surat,8 hrs/day,Gujarati,Car,48,2.72
265,Education,Food,Navsari,3 hrs/day,Hindi,Car,11,4.64
266,Rescue,Water,Rajkot,4 hrs/day,Gujarati,Car,36,2.84
267,Rescue,Water,Vadodara,8 hrs/day,Hindi,Bike,2,2.72
268,Water,Water,Ahmedabad,7 hrs/day,Gujarati,Car,26,4.62
269,Medical,Water,Ahmedabad,5 hrs/day,Hindi,None,6,4.91
270,Food,Rescue,Surat,8 hrs/day,Hindi,Bike,0,4.41
271,Food,Water,Surat,3 hrs/day,Hindi,Bike,8,3.23
272,Rescue,Water,Surat,1 hrs/day,Gujarati,Car,38,3.98
273,Medical,Medical,Rajkot,8 hrs/day,Gujarati,Bike,44,4.42
274,Education,Medical,Surat,1 hrs/day,Hindi,None,44,3.76
275,Rescue,Education,Navsari,3 hrs/day,English,Car,3,4.14
276,Rescue,Education,Surat,8 hrs/day,English,Bike,12,2.82
277,Water,Education,Rajkot,7 hrs/day,English,Bike,29,3.88
278,Education,Food,Ahmedabad,2 hrs/day,Hindi,Car,49,3.73
279,Food,Food,Surat,4 hrs/day,Gujarati,Bike,46,4.14
280,Food,Food,Ahmedabad,2 hrs/day,Hindi,None,5,3.61
281,Medical,Water,Navsari,6 hrs/day,Gujarati,Bike,41,3.24
282,Food,Education,Navsari,1 hrs/day,Hindi,Bike,10,4.43
283,Medical,Medical,Ahmedabad,6 hrs/day,English,None,36,2.89
284,Food,Medical,Vadodara,1 hrs/day,Gujarati,Bike,16,4.97
285,Rescue,Education,Vadodara,3 hrs/day,Gujarati,Car,18,2.71
286,Rescue,Water,Surat,5 hrs/day,English,Car,33,4.53
287,Rescue,Rescue,Ahmedabad,5 hrs/day,English,Bike,6,3.91
288,Food,Medical,Navsari,2 hrs/day,Gujarati,None,24,4.92
289,Water,Rescue,Surat,8 hrs/day,English,Bike,9,4.7
290,Education,Education,Vadodara,3 hrs/day,English,None,8,2.86
291,Medical,Rescue,Rajkot,3 hrs/day,Gujarati,Bike,11,3.68
292,Water,Education,Surat,4 hrs/day,English,Car,15,2.89
293,Education,Education,Ahmedabad,3 hrs/day,Hindi,Bike,3,2.66
294,Food,Rescue,Rajkot,3 hrs/day,Gujarati,None,40,3.25
295,Food,Water,Vadodara,3 hrs/day,Gujarati,Bike,15,2.65
296,Food,Rescue,Ahmedabad,1 hrs/day,Hindi,Car,47,4.34
297,Education,Medical,Navsari,3 hrs/day,Gujarati,None,10,4.21
298,Rescue,Education,Surat,6 hrs/day,English,Bike,40,2.64
299,Water,Medical,Ahmedabad,1 hrs/day,Hindi,None,45,3.22
300,Education,Food,Surat,1 hrs/day,Hindi,None,50,4.87
301,Rescue,Water,Surat,2 hrs/day,Gujarati,None,12,3.94
302,Rescue,Medical,Navsari,1 hrs/day,Gujarati,Bike,17,3.42
303,Education,Rescue,Ahmedabad,2 hrs/day,Gujarati,Bike,49,4.7
304,Water,Education,Ahmedabad,4 hrs/day,Hindi,None,32,4.24
305,Food,Medical,Ahmedabad,7 hrs/day,English,Bike,32,2.99
306,Water,Water,Vadodara,5 hrs/day,Hindi,Bike,5,2.98
307,Rescue,Water,Surat,7 hrs/day,Gujarati,Bike,40,4.85
308,Education,Education,Navsari,7 hrs/day,Gujarati,Bike,9,3.23
309,Education,Medical,Ahmedabad,1 hrs/day,English,Car,0,4.63
310,Food,Rescue,Surat,8 hrs/day,Gujarati,Bike,35,3.37
311,Rescue,Education,Vadodara,1 hrs/day,Hindi,Bike,18,2.82
312,Food,Medical,Surat,5 hrs/day,English,None,47,4.42
313,Food,Food,Rajkot,2 hrs/day,Gujarati,None,37,2.55
314,Water,Education,Navsari,1 hrs/day,Hindi,Bike,20,3.74
315,Water,Food,Surat,5 hrs/day,Gujarati,None,35,3.4
316,Education,Rescue,Surat,1 hrs/day,Hindi,Car,48,3.75
317,Medical,Medical,Rajkot,4 hrs/day,Gujarati,None,36,4.71
318,Rescue,Water,Vadodara,8 hrs/day,Gujarati,Bike,29,4.14
319,Medical,Rescue,Surat,6 hrs/day,Hindi,None,1,3.02
320,Water,Medical,Navsari,3 hrs/day,Gujarati,Bike,9,3.76
321,Water,Water,Ahmedabad,8 hrs/day,English,Car,16,4.95
322,Medical,Water,Rajkot,6 hrs/day,Hindi,None,40,4.97
323,Food,Medical,Rajkot,2 hrs/day,Hindi,Bike,50,4.47
324,Rescue,Water,Navsari,2 hrs/day,English,Bike,11,4.05
325,Medical,Food,Ahmedabad,8 hrs/day,English,None,38,3.82
326,Education,Education,Surat,8 hrs/day,English,Bike,46,4.68
327,Water,Education,Surat,2 hrs/day,Gujarati,Car,50,3.85
328,Medical,Education,Ahmedabad,8 hrs/day,Hindi,None,25,4.63
329,Rescue,Education,Vadodara,8 hrs/day,Gujarati,None,0,3.06
330,Education,Rescue,Vadodara,4 hrs/day,English,Car,13,4.93
331,Medical,Education,Surat,2 hrs/day,Hindi,Bike,50,2.99
332,Education,Medical,Vadodara,5 hrs/day,English,Car,11,3.05
333,Water,Rescue,Rajkot,2 hrs/day,English,Car,13,3.64
334,Water,Food,Vadodara,2 hrs/day,Gujarati,None,48,4.87
335,Medical,Food,Vadodara,6 hrs/day,Gujarati,Bike,9,3.04
336,Medical,Rescue,Vadodara,4 hrs/day,Hindi,Car,42,4.07
337,Water,Rescue,Navsari,1 hrs/day,English,None,2,4.14
338,Water,Medical,Vadodara,4 hrs/day,English,Bike,3,4.52
339,Medical,Rescue,Ahmedabad,6 hrs/day,Gujarati,Car,22,3.51
340,Rescue,Water,Ahmedabad,1 hrs/day,Hindi,None,21,4.0
341,Education,Rescue,Ahmedabad,3 hrs/day,Hindi,Bike,32,2.83
342,Medical,Rescue,Vadodara,6 hrs/day,Hindi,Bike,46,4.96
343,Rescue,Food,Rajkot,7 hrs/day,Hindi,None,5,4.44
344,Medical,Education,Ahmedabad,2 hrs/day,English,None,39,4.06
345,Food,Food,Navsari,1 hrs/day,Hindi,Car,29,4.64
346,Medical,Education,Surat,5 hrs/day,Hindi,Bike,5,4.24
347,Food,Education,Ahmedabad,8 hrs/day,English,None,3,2.86
348,Water,Education,Ahmedabad,8 hrs/day,Gujarati,None,19,2.71
349,Rescue,Food,Navsari,6 hrs/day,English,Bike,19,4.74
350,Food,Food,Surat,7 hrs/day,Hindi,Bike,43,3.94
351,Medical,Food,Vadodara,7 hrs/day,English,None,3,3.55
352,Food,Food,Rajkot,7 hrs/day,Hindi,Bike,24,4.29
353,Water,Rescue,Surat,3 hrs/day,English,None,33,4.7
354,Food,Rescue,Surat,3 hrs/day,Gujarati,None,15,4.6
355,Food,Food,Surat,2 hrs/day,Gujarati,Bike,17,4.69
356,Education,Education,Vadodara,7 hrs/day,English,Car,44,3.36
357,Water,Food,Navsari,4 hrs/day,Gujarati,Bike,6,3.99
358,Education,Medical,Vadodara,4 hrs/day,Hindi,Bike,26,3.45
359,Rescue,Food,Navsari,7 hrs/day,Hindi,Bike,3,3.93
360,Rescue,Food,Surat,3 hrs/day,English,Car,50,4.44
361,Education,Medical,Vadodara,7 hrs/day,Gujarati,Car,15,2.51
362,Rescue,Education,Surat,5 hrs/day,Hindi,None,22,4.76
363,Rescue,Education,Vadodara,1 hrs/day,Gujarati,Bike,35,4.76
364,Rescue,Rescue,Navsari,3 hrs/day,English,Car,34,3.39
365,Rescue,Food,Vadodara,8 hrs/day,Hindi,None,36,3.53
366,Water,Food,Navsari,3 hrs/day,Gujarati,Car,26,4.75
367,Rescue,Medical,Surat,4 hrs/day,Gujarati,Car,31,3.64
368,Water,Medical,Surat,2 hrs/day,Gujarati,None,35,3.58
369,Rescue,Food,Rajkot,3 hrs/day,Hindi,Bike,13,4.65
370,Water,Education,Rajkot,4 hrs/day,Hindi,Bike,40,2.6
371,Medical,Education,Vadodara,2 hrs/day,English,Bike,41,3.77
372,Water,Water,Ahmedabad,1 hrs/day,English,Bike,21,4.17
373,Food,Water,Vadodara,8 hrs/day,English,None,42,4.15
374,Water,Education,Ahmedabad,8 hrs/day,Gujarati,Car,20,4.99
375,Water,Medical,Rajkot,6 hrs/day,English,Bike,44,3.07
376,Medical,Water,Ahmedabad,5 hrs/day,Gujarati,Car,38,4.65
377,Education,Food,Surat,2 hrs/day,Gujarati,Car,15,4.54
378,Rescue,Medical,Vadodara,8 hrs/day,Hindi,Bike,15,3.41
379,Rescue,Water,Navsari,2 hrs/day,English,None,13,4.08
380,Rescue,Rescue,Vadodara,8 hrs/day,Gujarati,Car,27,3.69
381,Education,Medical,Ahmedabad,5 hrs/day,Hindi,None,28,3.29
382,Rescue,Rescue,Surat,5 hrs/day,Gujarati,Bike,30,3.97
383,Water,Medical,Rajkot,6 hrs/day,Hindi,Bike,5,3.16
384,Food,Water,Rajkot,6 hrs/day,Hindi,None,12,2.97
385,Water,Rescue,Navsari,4 hrs/day,English,Bike,11,2.73
386,Rescue,Rescue,Vadodara,1 hrs/day,English,Car,7,2.63
387,Food,Rescue,Navsari,2 hrs/day,Hindi,Bike,6,2.97
388,Water,Rescue,Surat,2 hrs/day,English,None,26,3.02
389,Water,Water,Vadodara,7 hrs/day,Gujarati,Bike,44,4.07
390,Rescue,Food,Rajkot,8 hrs/day,English,Bike,50,2.64
391,Medical,Medical,Vadodara,2 hrs/day,Hindi,Bike,24,2.57
392,Education,Medical,Surat,8 hrs/day,Gujarati,Car,6,3.79
393,Rescue,Medical,Vadodara,7 hrs/day,Hindi,Car,27,4.31
394,Medical,Rescue,Navsari,7 hrs/day,Gujarati,None,9,4.11
395,Education,Medical,Ahmedabad,2 hrs/day,Hindi,Car,0,4.59
396,Water,Education,Rajkot,4 hrs/day,English,None,11,4.63
397,Rescue,Water,Rajkot,6 hrs/day,Hindi,Car,3,2.72
398,Water,Education,Navsari,4 hrs/day,Gujarati,Bike,12,4.77
399,Water,Food,Navsari,5 hrs/day,English,Bike,11,4.08
400,Food,Rescue,Vadodara,2 hrs/day,Gujarati,Car,33,3.99
401,Water,Education,Navsari,5 hrs/day,Hindi,None,47,2.54
402,Education,Water,Vadodara,2 hrs/day,Hindi,Car,25,3.62
403,Water,Food,Surat,3 hrs/day,Hindi,Bike,7,4.14
404,Medical,Food,Surat,5 hrs/day,English,None,8,3.76
405,Medical,Education,Rajkot,4 hrs/day,Gujarati,Bike,9,3.13
406,Food,Water,Ahmedabad,1 hrs/day,Gujarati,None,42,4.38
407,Rescue,Water,Rajkot,4 hrs/day,Hindi,Bike,12,4.9
408,Medical,Education,Surat,8 hrs/day,Hindi,Car,15,2.87
409,Education,Medical,Rajkot,3 hrs/day,English,None,29,4.38
410,Rescue,Water,Navsari,5 hrs/day,Gujarati,None,13,2.85
411,Food,Food,Vadodara,8 hrs/day,Hindi,Bike,49,3.13
412,Rescue,Water,Ahmedabad,7 hrs/day,English,Bike,26,3.75
413,Education,Education,Navsari,5 hrs/day,Gujarati,None,39,4.38
414,Water,Food,Navsari,6 hrs/day,Hindi,Bike,47,2.5
415,Water,Medical,Surat,2 hrs/day,English,None,25,3.22
416,Rescue,Education,Navsari,6 hrs/day,English,Bike,18,2.71
417,Food,Food,Surat,8 hrs/day,English,Car,40,3.5
418,Medical,Water,Navsari,1 hrs/day,Hindi,Bike,35,3.24
419,Water,Food,Surat,6 hrs/day,Hindi,None,37,3.28
420,Food,Food,Vadodara,3 hrs/day,Gujarati,None,38,3.66
421,Medical,Food,Rajkot,4 hrs/day,Hindi,None,49,3.08
422,Food,Medical,Vadodara,2 hrs/day,Gujarati,None,20,3.98
423,Water,Education,Navsari,7 hrs/day,Gujarati,Bike,43,3.23
424,Food,Water,Vadodara,6 hrs/day,English,None,4,3.54
425,Education,Rescue,Navsari,8 hrs/day,English,Car,16,4.5
426,Water,Water,Surat,3 hrs/day,Gujarati,None,27,3.39
427,Water,Medical,Surat,8 hrs/day,Hindi,Car,29,3.42
428,Education,Water,Surat,2 hrs/day,English,Bike,10,2.71
429,Education,Rescue,Vadodara,3 hrs/day,Gujarati,Bike,1,2.82
430,Education,Medical,Ahmedabad,4 hrs/day,English,None,44,3.29
431,Rescue,Water,Navsari,4 hrs/day,Gujarati,Car,13,3.92
432,Water,Medical,Navsari,6 hrs/day,English,Bike,23,3.53
433,Education,Water,Ahmedabad,8 hrs/day,Hindi,None,30,2.78
434,Rescue,Rescue,Ahmedabad,4 hrs/day,English,Bike,7,4.77
435,Food,Water,Surat,8 hrs/day,Hindi,Bike,47,3.21
436,Rescue,Medical,Surat,5 hrs/day,English,Bike,10,4.29
437,Rescue,Water,Surat,7 hrs/day,Hindi,Car,30,4.51
438,Water,Rescue,Vadodara,8 hrs/day,Hindi,Bike,2,4.88
439,Water,Rescue,Ahmedabad,2 hrs/day,Hindi,Car,26,3.95
440,Water,Medical,Ahmedabad,5 hrs/day,Hindi,Car,39,3.43
441,Food,Education,Vadodara,3 hrs/day,Gujarati,Car,35,2.94
442,Education,Education,Rajkot,1 hrs/day,Gujarati,Car,49,2.61
443,Food,Medical,Surat,6 hrs/day,Gujarati,Bike,8,4.26
444,Water,Rescue,Navsari,4 hrs/day,English,Bike,15,4.95
445,Food,Water,Vadodara,4 hrs/day,Gujarati,Car,6,3.27
446,Water,Rescue,Surat,7 hrs/day,Hindi,None,29,3.61
447,Water,Rescue,Surat,3 hrs/day,Gujarati,Car,32,3.3
448,Water,Food,Vadodara,5 hrs/day,Hindi,Bike,33,3.77
449,Food,Rescue,Ahmedabad,2 hrs/day,Hindi,Car,15,3.89
450,Medical,Medical,Surat,5 hrs/day,English,None,48,2.81
451,Medical,Water,Vadodara,3 hrs/day,English,Car,17,4.12
452,Medical,Education,Vadodara,5 hrs/day,Gujarati,Car,36,3.76
453,Rescue,Food,Vadodara,6 hrs/day,Gujarati,Bike,27,4.78
454,Water,Education,Rajkot,1 hrs/day,Hindi,Bike,27,3.87
455,Water,Water,Ahmedabad,2 hrs/day,Hindi,Bike,49,4.02
456,Water,Education,Vadodara,3 hrs/day,Gujarati,Car,23,4.29
457,Food,Medical,Surat,5 hrs/day,English,None,27,4.28
458,Education,Medical,Vadodara,2 hrs/day,English,Car,7,4.39
459,Food,Medical,Navsari,3 hrs/day,Hindi,Car,27,2.65
460,Food,Water,Rajkot,5 hrs/day,English,Car,20,4.07
461,Food,Water,Surat,4 hrs/day,Hindi,None,26,2.73
462,Medical,Medical,Rajkot,6 hrs/day,Hindi,Car,2,3.18
463,Education,Water,Navsari,7 hrs/day,English,Bike,5,2.82
464,Food,Food,Surat,8 hrs/day,English,Bike,10,3.27
465,Food,Food,Rajkot,8 hrs/day,Hindi,Car,24,4.42
466,Rescue,Medical,Vadodara,5 hrs/day,Gujarati,Car,3,2.67
467,Medical,Medical,Vadodara,3 hrs/day,Gujarati,Bike,35,3.88
468,Food,Rescue,Vadodara,7 hrs/day,Hindi,None,42,3.64
469,Medical,Rescue,Vadodara,1 hrs/day,English,Bike,25,3.65
470,Food,Food,Vadodara,5 hrs/day,Gujarati,None,40,3.95
471,Rescue,Rescue,Rajkot,4 hrs/day,English,Bike,16,4.35
472,Medical,Medical,Ahmedabad,8 hrs/day,Hindi,None,15,2.53
473,Water,Education,Vadodara,8 hrs/day,Gujarati,None,13,2.94
474,Rescue,Education,Vadodara,5 hrs/day,English,Bike,48,3.61
475,Food,Education,Surat,8 hrs/day,English,Bike,7,3.47
476,Rescue,Rescue,Rajkot,4 hrs/day,English,None,25,4.28
477,Food,Rescue,Vadodara,3 hrs/day,Gujarati,Car,12,3.9
478,Rescue,Food,Vadodara,1 hrs/day,English,Car,44,3.98
479,Education,Food,Rajkot,6 hrs/day,Hindi,None,31,2.67
480,Water,Medical,Rajkot,3 hrs/day,Hindi,None,2,4.51
481,Education,Medical,Vadodara,4 hrs/day,Hindi,Car,36,3.03
482,Water,Medical,Vadodara,7 hrs/day,Gujarati,Bike,41,4.74
483,Food,Education,Navsari,6 hrs/day,Hindi,Bike,45,3.31
484,Water,Water,Vadodara,3 hrs/day,English,Bike,26,4.96
485,Rescue,Rescue,Rajkot,5 hrs/day,Hindi,None,33,3.07
486,Water,Rescue,Surat,6 hrs/day,Hindi,Bike,49,2.85
487,Education,Medical,Ahmedabad,6 hrs/day,Hindi,Car,19,3.87
488,Rescue,Food,Surat,1 hrs/day,Hindi,None,33,4.85
489,Education,Medical,Rajkot,1 hrs/day,Gujarati,None,9,2.95
490,Education,Rescue,Vadodara,8 hrs/day,Hindi,Car,32,2.93
491,Food,Rescue,Rajkot,6 hrs/day,Hindi,Bike,46,2.74
492,Rescue,Medical,Surat,5 hrs/day,Hindi,Car,17,3.62
493,Education,Education,Navsari,1 hrs/day,Gujarati,None,26,4.62
494,Rescue,Water,Vadodara,1 hrs/day,Hindi,None,5,4.34
495,Food,Rescue,Rajkot,5 hrs/day,English,Bike,34,4.77
496,Water,Food,Vadodara,6 hrs/day,English,Bike,40,3.7
497,Food,Rescue,Vadodara,4 hrs/day,English,None,11,3.52
498,Education,Food,Rajkot,3 hrs/day,Gujarati,None,10,3.88
499,Education,Rescue,Surat,5 hrs/day,Hindi,Bike,12,4.41
500,Food,Rescue,Vadodara,4 hrs/day,Hindi,Bike,42,4.85
501,Food,Food,Rajkot,5 hrs/day,Gujarati,Car,35,4.92
502,Rescue,Medical,Navsari,8 hrs/day,Hindi,Bike,5,3.57
503,Food,Medical,Navsari,2 hrs/day,English,Bike,25,4.89
504,Education,Medical,Navsari,8 hrs/day,Hindi,None,31,4.24
505,Rescue,Medical,Navsari,8 hrs/day,English,Bike,19,4.93
506,Food,Food,Ahmedabad,5 hrs/day,English,Bike,32,3.3
507,Water,Food,Rajkot,7 hrs/day,English,None,32,2.97
508,Medical,Rescue,Navsari,3 hrs/day,Gujarati,None,21,3.21
509,Rescue,Rescue,Navsari,6 hrs/day,English,Car,36,4.61
510,Food,Education,Surat,8 hrs/day,Hindi,None,46,2.74
511,Education,Education,Vadodara,3 hrs/day,Hindi,None,43,4.18
512,Medical,Education,Ahmedabad,4 hrs/day,English,None,7,3.53
513,Food,Education,Surat,4 hrs/day,Hindi,Car,41,4.66
514,Rescue,Education,Navsari,3 hrs/day,English,Bike,26,3.02
515,Education,Education,Surat,6 hrs/day,English,None,22,2.54
516,Food,Education,Vadodara,7 hrs/day,Hindi,None,42,3.05
517,Food,Water,Navsari,5 hrs/day,Gujarati,Car,16,4.49
518,Water,Food,Ahmedabad,8 hrs/day,Gujarati,Bike,28,3.86
519,Food,Medical,Surat,1 hrs/day,Hindi,None,33,3.51
520,Food,Food,Surat,1 hrs/day,English,Car,26,4.47
521,Food,Education,Vadodara,8 hrs/day,English,Car,9,3.95
522,Medical,Medical,Rajkot,2 hrs/day,English,None,8,3.92
523,Water,Medical,Vadodara,7 hrs/day,Hindi,None,3,2.67
524,Rescue,Water,Navsari,1 hrs/day,Hindi,None,27,2.72
525,Rescue,Rescue,Surat,7 hrs/day,Hindi,Bike,33,4.72
526,Rescue,Education,Ahmedabad,4 hrs/day,Hindi,Bike,47,4.72
527,Water,Medical,Ahmedabad,8 hrs/day,Hindi,Bike,29,2.96
528,Education,Medical,Surat,8 hrs/day,English,Car,37,3.62
529,Food,Education,Ahmedabad,7 hrs/day,English,Car,23,2.59
530,Rescue,Water,Navsari,8 hrs/day,English,None,37,4.92
531,Rescue,Medical,Rajkot,4 hrs/day,English,None,41,2.91
532,Food,Education,Surat,2 hrs/day,Hindi,Car,4,4.57
533,Rescue,Water,Ahmedabad,1 hrs/day,Hindi,None,40,4.26
534,Education,Water,Rajkot,5 hrs/day,English,None,22,2.91
535,Food,Food,Vadodara,3 hrs/day,Gujarati,Bike,13,3.56
536,Rescue,Water,Vadodara,2 hrs/day,English,Bike,45,4.33
537,Food,Rescue,Surat,7 hrs/day,English,Car,36,3.8
538,Rescue,Food,Rajkot,4 hrs/day,English,None,18,3.11
539,Water,Rescue,Ahmedabad,8 hrs/day,Hindi,None,32,3.15
540,Rescue,Education,Navsari,7 hrs/day,English,Car,20,3.3
541,Medical,Medical,Ahmedabad,3 hrs/day,Hindi,Car,32,3.71
542,Education,Medical,Ahmedabad,6 hrs/day,Gujarati,None,47,3.76
543,Rescue,Rescue,Rajkot,1 hrs/day,Hindi,Bike,48,3.05
544,Education,Water,Ahmedabad,2 hrs/day,Hindi,None,14,3.37
545,Education,Water,Rajkot,8 hrs/day,Hindi,None,15,4.01
546,Water,Food,Rajkot,4 hrs/day,English,Car,48,3.94
547,Education,Rescue,Ahmedabad,4 hrs/day,Gujarati,Bike,39,4.45
548,Medical,Education,Surat,8 hrs/day,Gujarati,Car,35,3.37
549,Medical,Medical,Navsari,4 hrs/day,Hindi,None,37,4.98
550,Food,Rescue,Rajkot,3 hrs/day,Gujarati,Car,0,4.22
551,Education,Food,Rajkot,7 hrs/day,Hindi,Bike,14,3.56
552,Medical,Education,Vadodara,2 hrs/day,Hindi,Bike,38,4.66
553,Medical,Water,Vadodara,6 hrs/day,English,Car,6,2.74
554,Medical,Water,Surat,6 hrs/day,Gujarati,None,11,4.31
555,Water,Medical,Navsari,8 hrs/day,English,Bike,3,3.34
556,Water,Food,Navsari,5 hrs/day,English,Bike,50,3.97
557,Education,Water,Navsari,3 hrs/day,English,Bike,50,4.75
558,Food,Education,Navsari,3 hrs/day,Hindi,None,44,2.61
559,Food,Education,Navsari,7 hrs/day,Hindi,Car,23,2.74
560,Rescue,Food,Navsari,5 hrs/day,Hindi,Car,46,3.08
561,Medical,Medical,Vadodara,2 hrs/day,Gujarati,None,41,3.26
562,Education,Education,Vadodara,1 hrs/day,Gujarati,Car,41,4.94
563,Rescue,Water,Vadodara,7 hrs/day,English,Car,25,3.33
564,Food,Water,Rajkot,1 hrs/day,Hindi,Car,39,4.57
565,Rescue,Education,Rajkot,3 hrs/day,Gujarati,Car,17,3.73
566,Medical,Rescue,Ahmedabad,3 hrs/day,Hindi,Car,24,3.53
567,Water,Water,Vadodara,7 hrs/day,Hindi,None,38,4.78
568,Medical,Education,Navsari,1 hrs/day,Gujarati,Bike,35,2.71
569,Food,Education,Rajkot,2 hrs/day,Gujarati,None,43,4.48
570,Medical,Food,Vadodara,8 hrs/day,Hindi,None,19,4.63
571,Water,Rescue,Navsari,5 hrs/day,Hindi,Car,32,4.32
572,Medical,Water,Vadodara,4 hrs/day,English,None,17,2.78
573,Rescue,Medical,Ahmedabad,4 hrs/day,Gujarati,Bike,40,4.24
574,Water,Food,Surat,4 hrs/day,Hindi,Car,12,2.53
575,Education,Rescue,Navsari,6 hrs/day,English,Bike,6,4.34
576,Medical,Education,Ahmedabad,8 hrs/day,Hindi,Bike,6,3.1
577,Education,Medical,Navsari,5 hrs/day,Hindi,Bike,34,3.33
578,Rescue,Rescue,Navsari,6 hrs/day,Hindi,Bike,5,2.72
579,Food,Education,Ahmedabad,3 hrs/day,English,Bike,26,4.73
580,Water,Medical,Navsari,7 hrs/day,Gujarati,Bike,31,2.92
581,Water,Water,Vadodara,7 hrs/day,English,None,48,3.87
582,Medical,Education,Vadodara,4 hrs/day,Hindi,Bike,25,3.05
583,Education,Food,Vadodara,4 hrs/day,Hindi,None,31,2.81
584,Food,Food,Surat,1 hrs/day,Gujarati,None,34,4.54
585,Medical,Food,Rajkot,6 hrs/day,Hindi,Bike,24,4.89
586,Medical,Food,Vadodara,3 hrs/day,English,Car,31,4.81
587,Rescue,Education,Vadodara,6 hrs/day,Hindi,None,12,2.77
588,Rescue,Water,Rajkot,1 hrs/day,Hindi,None,46,4.61
589,Food,Medical,Navsari,8 hrs/day,Gujarati,Car,22,2.81
590,Education,Education,Navsari,7 hrs/day,Gujarati,None,39,2.55
591,Medical,Rescue,Vadodara,4 hrs/day,Gujarati,Car,46,3.78
592,Food,Education,Rajkot,4 hrs/day,English,Bike,38,4.05
593,Water,Medical,Rajkot,6 hrs/day,Gujarati,None,33,3.98
594,Water,Rescue,Rajkot,3 hrs/day,Hindi,None,45,3.16
595,Education,Medical,Ahmedabad,5 hrs/day,Gujarati,Car,23,4.72
596,Food,Water,Surat,6 hrs/day,Gujarati,None,38,3.97
597,Education,Education,Navsari,6 hrs/day,Gujarati,None,39,3.15
598,Food,Medical,Navsari,1 hrs/day,Hindi,Bike,7,2.51
599,Medical,Medical,Ahmedabad,7 hrs/day,English,Bike,23,4.97
600,Rescue,Food,Surat,3 hrs/day,English,None,48,3.05
601,Water,Food,Vadodara,6 hrs/day,English,Car,2,4.16
602,Food,Water,Navsari,1 hrs/day,English,Bike,17,3.22
603,Rescue,Medical,Vadodara,1 hrs/day,Gujarati,None,7,4.9
604,Water,Water,Vadodara,3 hrs/day,Gujarati,None,45,3.54
605,Rescue,Rescue,Rajkot,4 hrs/day,Gujarati,Bike,15,4.43
606,Rescue,Rescue,Ahmedabad,6 hrs/day,English,Car,4,4.14
607,Water,Medical,Rajkot,5 hrs/day,Gujarati,None,34,4.83
608,Education,Water,Surat,1 hrs/day,English,Bike,19,3.03
609,Medical,Rescue,Ahmedabad,4 hrs/day,English,None,22,4.53
610,Food,Education,Ahmedabad,7 hrs/day,Hindi,Car,5,4.18
611,Food,Medical,Navsari,8 hrs/day,Hindi,Bike,45,3.03
612,Medical,Medical,Vadodara,1 hrs/day,Hindi,Bike,17,3.17
613,Water,Rescue,Navsari,1 hrs/day,Gujarati,Car,1,4.22
614,Rescue,Water,Ahmedabad,2 hrs/day,Hindi,Car,49,3.8
615,Medical,Medical,Surat,3 hrs/day,English,Car,7,4.77
616,Medical,Rescue,Rajkot,6 hrs/day,Gujarati,Car,34,3.42
617,Rescue,Education,Rajkot,4 hrs/day,Gujarati,Car,31,4.21
618,Water,Water,Ahmedabad,7 hrs/day,English,Bike,38,4.05
619,Education,Education,Ahmedabad,5 hrs/day,Hindi,Car,11,4.85
620,Food,Rescue,Surat,7 hrs/day,Gujarati,Bike,18,4.21
621,Medical,Food,Vadodara,2 hrs/day,Hindi,Bike,41,4.82
622,Food,Rescue,Vadodara,2 hrs/day,English,Bike,16,4.89
623,Education,Rescue,Surat,4 hrs/day,English,Car,31,4.86
624,Medical,Rescue,Vadodara,1 hrs/day,Gujarati,Car,43,3.5
625,Water,Education,Navsari,4 hrs/day,Gujarati,Bike,46,3.36
626,Water,Food,Ahmedabad,4 hrs/day,Gujarati,Car,20,3.45
627,Education,Medical,Vadodara,5 hrs/day,Hindi,None,1,4.18
628,Water,Water,Navsari,5 hrs/day,English,None,41,3.8
629,Water,Medical,Vadodara,6 hrs/day,Gujarati,Car,36,3.33
630,Education,Education,Vadodara,4 hrs/day,Hindi,Bike,10,3.93
631,Rescue,Food,Ahmedabad,8 hrs/day,Hindi,None,22,4.1
632,Food,Rescue,Vadodara,4 hrs/day,Gujarati,None,30,3.96
633,Rescue,Food,Surat,7 hrs/day,Hindi,Car,19,2.69
634,Medical,Food,Vadodara,2 hrs/day,Gujarati,Car,20,3.84
635,Medical,Rescue,Vadodara,3 hrs/day,English,None,44,2.74
636,Education,Water,Navsari,7 hrs/day,Gujarati,Car,34,4.44
637,Water,Education,Surat,7 hrs/day,Hindi,Car,35,3.34
638,Rescue,Medical,Surat,4 hrs/day,English,Bike,25,4.05
639,Education,Rescue,Surat,4 hrs/day,Gujarati,Bike,29,3.64
640,Water,Education,Navsari,3 hrs/day,Hindi,Bike,25,3.65
641,Rescue,Education,Navsari,6 hrs/day,Gujarati,None,35,3.96
642,Food,Medical,Surat,2 hrs/day,Gujarati,Car,40,3.11
643,Food,Education,Navsari,1 hrs/day,English,None,0,4.02
644,Medical,Education,Ahmedabad,2 hrs/day,Hindi,Car,41,4.94
645,Food,Rescue,Vadodara,4 hrs/day,Gujarati,None,42,4.59
646,Education,Medical,Surat,7 hrs/day,Hindi,Bike,31,3.28
647,Medical,Rescue,Navsari,2 hrs/day,Gujarati,None,34,4.71
648,Rescue,Medical,Surat,4 hrs/day,English,Car,35,3.56
649,Medical,Education,Vadodara,4 hrs/day,Hindi,Bike,23,3.94
650,Rescue,Medical,Surat,8 hrs/day,Hindi,None,31,4.28
651,Medical,Food,Ahmedabad,5 hrs/day,Hindi,None,18,4.55
652,Water,Water,Vadodara,7 hrs/day,English,Bike,23,4.16
653,Rescue,Education,Surat,7 hrs/day,Hindi,None,2,3.02
654,Education,Education,Rajkot,1 hrs/day,Hindi,Car,14,4.09
655,Water,Education,Navsari,6 hrs/day,English,Car,45,4.63
656,Education,Food,Vadodara,2 hrs/day,English,None,50,2.9
657,Rescue,Medical,Surat,2 hrs/day,Gujarati,Bike,17,4.34
658,Water,Medical,Vadodara,6 hrs/day,Hindi,Bike,29,3.3
659,Education,Water,Navsari,5 hrs/day,English,Bike,39,2.95
660,Rescue,Rescue,Rajkot,2 hrs/day,Hindi,None,33,2.59
661,Water,Medical,Vadodara,1 hrs/day,Gujarati,Bike,44,3.34
662,Water,Medical,Ahmedabad,1 hrs/day,English,None,1,4.54
663,Food,Medical,Rajkot,1 hrs/day,Hindi,Car,30,4.63
664,Water,Food,Navsari,6 hrs/day,Hindi,Car,42,2.71
665,Medical,Water,Surat,1 hrs/day,Gujarati,Car,25,3.35
666,Education,Medical,Navsari,4 hrs/day,English,Car,19,5.0
667,Medical,Education,Navsari,6 hrs/day,English,Car,1,4.57
668,Education,Food,Vadodara,1 hrs/day,Gujarati,Bike,34,4.34
669,Education,Rescue,Rajkot,8 hrs/day,Gujarati,None,7,2.94
670,Water,Rescue,Rajkot,1 hrs/day,Hindi,None,11,2.56
671,Medical,Water,Ahmedabad,8 hrs/day,English,Car,21,3.92
672,Rescue,Education,Rajkot,2 hrs/day,Gujarati,Bike,2,3.07
673,Rescue,Medical,Ahmedabad,1 hrs/day,English,Car,35,4.38
674,Rescue,Water,Surat,2 hrs/day,English,None,25,3.92
675,Medical,Water,Rajkot,3 hrs/day,Gujarati,None,26,4.4
676,Food,Medical,Surat,2 hrs/day,English,None,44,4.16
677,Food,Rescue,Navsari,2 hrs/day,English,Bike,35,4.27
678,Food,Food,Ahmedabad,4 hrs/day,Gujarati,Bike,40,2.64
679,Education,Water,Navsari,7 hrs/day,Hindi,Bike,43,3.65
680,Food,Education,Vadodara,7 hrs/day,Gujarati,Bike,46,4.82
681,Medical,Water,Vadodara,7 hrs/day,Hindi,Car,40,4.91
682,Education,Rescue,Rajkot,8 hrs/day,English,None,14,4.74
683,Water,Food,Rajkot,6 hrs/day,Hindi,None,4,3.92
684,Water,Medical,Vadodara,4 hrs/day,English,Bike,28,3.4
685,Education,Food,Navsari,6 hrs/day,Gujarati,None,39,4.75
686,Medical,Food,Rajkot,7 hrs/day,English,Car,40,4.27
687,Food,Rescue,Surat,1 hrs/day,Hindi,None,7,4.55
688,Education,Rescue,Ahmedabad,5 hrs/day,Gujarati,Car,6,4.11
689,Medical,Food,Rajkot,2 hrs/day,English,None,37,2.95
690,Education,Water,Surat,2 hrs/day,Hindi,Car,50,4.58
691,Education,Medical,Navsari,3 hrs/day,Gujarati,None,50,4.89
692,Education,Medical,Surat,7 hrs/day,Gujarati,None,10,3.03
693,Food,Medical,Rajkot,7 hrs/day,English,None,7,4.18
694,Medical,Water,Rajkot,6 hrs/day,Gujarati,Car,28,3.83
695,Water,Education,Rajkot,8 hrs/day,English,Bike,42,2.91
696,Rescue,Medical,Navsari,5 hrs/day,English,Bike,26,3.48
697,Medical,Rescue,Navsari,4 hrs/day,Hindi,Bike,50,2.56
698,Education,Medical,Rajkot,6 hrs/day,Hindi,Car,8,4.68
699,Medical,Education,Rajkot,3 hrs/day,Hindi,Car,19,4.6
700,Education,Food,Navsari,3 hrs/day,Hindi,None,11,3.79
701,Education,Medical,Ahmedabad,6 hrs/day,English,Car,17,4.17
702,Education,Education,Vadodara,8 hrs/day,Hindi,None,32,4.86
703,Medical,Water,Navsari,3 hrs/day,Gujarati,Bike,41,2.74
704,Education,Water,Ahmedabad,3 hrs/day,Hindi,Car,31,4.42
705,Water,Education,Ahmedabad,8 hrs/day,English,Car,2,4.95
706,Education,Food,Rajkot,5 hrs/day,Gujarati,None,35,4.49
707,Rescue,Food,Surat,2 hrs/day,Gujarati,None,31,3.77
708,Education,Medical,Rajkot,5 hrs/day,Hindi,Car,39,3.12
709,Medical,Medical,Ahmedabad,2 hrs/day,English,None,13,3.83
710,Education,Education,Rajkot,8 hrs/day,English,None,49,3.62
711,Education,Rescue,Rajkot,6 hrs/day,Gujarati,Bike,31,2.93
712,Education,Rescue,Ahmedabad,8 hrs/day,English,None,25,3.4
713,Education,Rescue,Rajkot,3 hrs/day,Gujarati,None,7,4.94
714,Food,Education,Rajkot,6 hrs/day,English,None,16,2.54
715,Education,Water,Rajkot,1 hrs/day,Hindi,Car,47,3.46
716,Water,Rescue,Rajkot,2 hrs/day,Hindi,Bike,20,3.43
717,Food,Education,Ahmedabad,6 hrs/day,Hindi,Bike,14,3.21
718,Food,Education,Surat,6 hrs/day,Gujarati,Bike,32,4.7
719,Rescue,Food,Navsari,8 hrs/day,English,None,45,3.03
720,Education,Food,Ahmedabad,8 hrs/day,Gujarati,Car,37,4.74
721,Rescue,Rescue,Surat,6 hrs/day,Hindi,None,0,4.11
722,Food,Rescue,Surat,3 hrs/day,Gujarati,Car,14,4.61
723,Water,Rescue,Rajkot,3 hrs/day,Hindi,Car,36,3.37
724,Medical,Medical,Ahmedabad,6 hrs/day,Hindi,None,1,2.75
725,Rescue,Rescue,Navsari,4 hrs/day,Gujarati,None,22,4.4
726,Food,Rescue,Ahmedabad,2 hrs/day,Gujarati,Car,49,3.85
727,Rescue,Food,Ahmedabad,3 hrs/day,English,None,43,3.45
728,Education,Medical,Vadodara,6 hrs/day,Gujarati,Bike,5,4.09
729,Water,Medical,Rajkot,5 hrs/day,Hindi,Bike,31,2.57
730,Water,Education,Navsari,7 hrs/day,Gujarati,Car,45,2.9
731,Water,Food,Rajkot,5 hrs/day,English,Bike,33,3.53
732,Rescue,Rescue,Ahmedabad,8 hrs/day,English,Bike,21,3.69
733,Medical,Rescue,Rajkot,2 hrs/day,Hindi,Bike,37,4.55
734,Medical,Rescue,Rajkot,8 hrs/day,Hindi,Car,36,2.71
735,Medical,Medical,Rajkot,3 hrs/day,English,Car,50,4.89
736,Rescue,Food,Surat,3 hrs/day,Hindi,Bike,27,4.51
737,Medical,Water,Vadodara,4 hrs/day,English,Bike,31,4.68
738,Education,Food,Vadodara,1 hrs/day,English,Car,50,3.92
739,Water,Water,Vadodara,6 hrs/day,English,None,41,3.68
740,Education,Food,Vadodara,1 hrs/day,Hindi,Car,39,2.96
741,Food,Education,Navsari,6 hrs/day,Gujarati,Car,42,3.07
742,Food,Medical,Ahmedabad,1 hrs/day,English,Bike,16,4.04
743,Medical,Education,Rajkot,6 hrs/day,Gujarati,None,40,4.94
744,Food,Medical,Surat,5 hrs/day,Hindi,None,45,2.86
745,Water,Medical,Navsari,2 hrs/day,English,None,26,3.57
746,Food,Food,Rajkot,5 hrs/day,Gujarati,Bike,4,3.4
747,Education,Education,Rajkot,4 hrs/day,Gujarati,None,20,4.86
748,Water,Education,Rajkot,1 hrs/day,Hindi,Bike,11,3.74
749,Rescue,Education,Vadodara,4 hrs/day,Hindi,Bike,13,4.74
750,Food,Rescue,Surat,7 hrs/day,Gujarati,Bike,16,4.82
751,Education,Education,Ahmedabad,6 hrs/day,Hindi,Bike,25,3.42
752,Education,Food,Rajkot,7 hrs/day,Hindi,Car,27,4.63
753,Education,Rescue,Surat,6 hrs/day,Hindi,Car,4,2.98
754,Education,Food,Surat,3 hrs/day,English,None,25,3.64
755,Education,Water,Rajkot,8 hrs/day,Hindi,Bike,4,2.8
756,Food,Rescue,Navsari,7 hrs/day,Gujarati,Car,4,4.96
757,Water,Rescue,Ahmedabad,8 hrs/day,Hindi,None,36,2.54
758,Food,Medical,Ahmedabad,6 hrs/day,Gujarati,None,25,2.94
759,Food,Food,Navsari,4 hrs/day,Hindi,Car,34,4.08
760,Rescue,Water,Vadodara,2 hrs/day,English,Car,13,3.23
761,Rescue,Rescue,Surat,1 hrs/day,English,Bike,0,3.36
762,Education,Medical,Rajkot,7 hrs/day,Gujarati,Car,49,4.98
763,Education,Food,Rajkot,7 hrs/day,Hindi,Bike,9,2.99
764,Water,Food,Navsari,3 hrs/day,Gujarati,None,15,3.97
765,Rescue,Food,Surat,7 hrs/day,English,Bike,36,4.6
766,Rescue,Education,Navsari,8 hrs/day,Gujarati,None,44,4.08
767,Food,Water,Ahmedabad,4 hrs/day,Hindi,None,26,4.3
768,Rescue,Water,Vadodara,8 hrs/day,Hindi,Bike,32,4.17
769,Food,Education,Vadodara,1 hrs/day,Hindi,None,29,3.16
770,Rescue,Education,Surat,3 hrs/day,Gujarati,None,38,3.94
771,Education,Food,Navsari,5 hrs/day,English,Bike,36,4.34
772,Water,Water,Surat,1 hrs/day,Hindi,Bike,3,3.58
773,Water,Food,Rajkot,8 hrs/day,Gujarati,Bike,37,4.09
774,Rescue,Education,Surat,3 hrs/day,Gujarati,Car,6,4.04
775,Water,Education,Vadodara,7 hrs/day,English,Car,33,2.98
776,Medical,Education,Rajkot,1 hrs/day,English,Car,25,4.44
777,Water,Medical,Vadodara,3 hrs/day,English,Bike,18,4.74
778,Water,Medical,Navsari,6 hrs/day,Gujarati,Bike,43,4.48
779,Medical,Rescue,Vadodara,8 hrs/day,Gujarati,None,8,2.89
780,Water,Medical,Rajkot,8 hrs/day,English,Bike,2,4.36
781,Water,Food,Surat,6 hrs/day,English,Bike,46,3.17
782,Water,Food,Rajkot,2 hrs/day,English,Car,15,3.0
783,Rescue,Food,Surat,6 hrs/day,English,None,15,3.59
784,Rescue,Medical,Ahmedabad,7 hrs/day,Gujarati,Bike,3,4.97
785,Water,Rescue,Surat,7 hrs/day,English,Bike,27,4.91
786,Medical,Rescue,Rajkot,1 hrs/day,Hindi,Bike,31,3.33
787,Rescue,Rescue,Rajkot,8 hrs/day,Hindi,Bike,5,3.48
788,Education,Medical,Ahmedabad,1 hrs/day,Hindi,None,30,4.19
789,Water,Food,Rajkot,4 hrs/day,English,Car,45,4.83
790,Food,Medical,Ahmedabad,6 hrs/day,Hindi,None,45,3.89
791,Education,Rescue,Navsari,6 hrs/day,Hindi,Bike,12,3.81
792,Rescue,Water,Ahmedabad,4 hrs/day,Hindi,Bike,50,4.43
793,Water,Rescue,Surat,6 hrs/day,English,Bike,6,3.52
794,Food,Rescue,Navsari,7 hrs/day,Gujarati,None,39,3.38
795,Water,Rescue,Navsari,3 hrs/day,English,Car,38,3.84
796,Food,Food,Vadodara,5 hrs/day,English,Car,28,4.17
797,Medical,Water,Vadodara,8 hrs/day,Hindi,Car,8,4.17
798,Food,Water,Navsari,8 hrs/day,Gujarati,Bike,9,4.13
799,Rescue,Food,Navsari,1 hrs/day,Hindi,None,41,2.78
800,Water,Food,Navsari,3 hrs/day,Hindi,None,13,4.19
801,Water,Food,Navsari,6 hrs/day,Hindi,Bike,22,2.71
802,Rescue,Food,Ahmedabad,1 hrs/day,Gujarati,Bike,30,3.17
803,Medical,Medical,Surat,1 hrs/day,Hindi,Bike,23,4.39
804,Rescue,Medical,Vadodara,8 hrs/day,Hindi,Bike,38,4.18
805,Medical,Medical,Rajkot,7 hrs/day,Hindi,Bike,18,4.81
806,Education,Education,Surat,1 hrs/day,Hindi,Bike,32,4.99
807,Food,Water,Surat,8 hrs/day,Hindi,Bike,0,4.61
808,Medical,Medical,Navsari,1 hrs/day,Gujarati,Bike,42,3.34
809,Water,Medical,Surat,2 hrs/day,English,Car,31,3.5
810,Water,Food,Navsari,4 hrs/day,English,Car,36,4.51
811,Education,Medical,Surat,5 hrs/day,English,Car,17,3.61
812,Water,Water,Surat,5 hrs/day,English,Bike,4,4.62
813,Rescue,Medical,Rajkot,1 hrs/day,Gujarati,Bike,7,4.41
814,Food,Education,Navsari,6 hrs/day,English,Car,19,4.85
815,Rescue,Water,Vadodara,5 hrs/day,Hindi,Bike,9,4.93
816,Water,Education,Rajkot,1 hrs/day,Gujarati,Bike,32,3.89
817,Food,Water,Vadodara,2 hrs/day,Hindi,Car,9,2.9
818,Rescue,Medical,Navsari,6 hrs/day,Gujarati,Car,30,3.76
819,Rescue,Rescue,Rajkot,7 hrs/day,Gujarati,Bike,6,4.19
820,Rescue,Education,Vadodara,1 hrs/day,Gujarati,Car,43,2.87
821,Food,Education,Ahmedabad,5 hrs/day,English,None,12,2.64
822,Water,Rescue,Surat,2 hrs/day,Hindi,Car,7,2.68
823,Education,Rescue,Surat,1 hrs/day,Hindi,Bike,17,4.91
824,Education,Education,Navsari,1 hrs/day,Hindi,None,14,4.47
825,Medical,Medical,Navsari,3 hrs/day,Hindi,Bike,30,2.89
826,Food,Education,Ahmedabad,5 hrs/day,Hindi,None,47,4.08
827,Education,Medical,Navsari,1 hrs/day,Hindi,None,37,3.27
828,Food,Rescue,Rajkot,5 hrs/day,Hindi,Bike,27,3.77
829,Medical,Rescue,Navsari,4 hrs/day,English,Car,10,3.63
830,Medical,Medical,Surat,7 hrs/day,English,Bike,23,3.89
831,Education,Education,Surat,3 hrs/day,Gujarati,Bike,28,4.86
832,Medical,Water,Navsari,2 hrs/day,English,Bike,1,3.58
833,Medical,Water,Vadodara,4 hrs/day,English,Car,17,4.75
834,Water,Education,Rajkot,8 hrs/day,Gujarati,Bike,29,3.56
835,Rescue,Food,Vadodara,7 hrs/day,Gujarati,Car,39,4.33
836,Rescue,Water,Ahmedabad,4 hrs/day,English,Bike,24,3.19
837,Food,Water,Navsari,2 hrs/day,Gujarati,None,28,3.66
838,Water,Education,Ahmedabad,4 hrs/day,Hindi,None,4,3.62
839,Food,Rescue,Surat,8 hrs/day,Hindi,Bike,27,4.1
840,Medical,Food,Ahmedabad,3 hrs/day,Hindi,Car,6,4.52
841,Education,Water,Rajkot,1 hrs/day,Gujarati,Car,40,3.76
842,Rescue,Education,Rajkot,8 hrs/day,Hindi,Bike,31,3.56
843,Education,Food,Ahmedabad,1 hrs/day,Hindi,None,7,2.65
844,Water,Food,Navsari,4 hrs/day,English,Bike,21,2.78
845,Water,Rescue,Vadodara,4 hrs/day,English,None,1,4.48
846,Rescue,Rescue,Rajkot,6 hrs/day,Hindi,Bike,23,3.82
847,Rescue,Medical,Surat,2 hrs/day,English,Bike,3,4.52
848,Medical,Water,Ahmedabad,2 hrs/day,Hindi,Bike,1,4.44
849,Food,Rescue,Surat,4 hrs/day,Hindi,None,43,3.18
850,Medical,Food,Surat,7 hrs/day,Gujarati,None,42,3.76
851,Education,Medical,Surat,1 hrs/day,Gujarati,Car,25,3.21
852,Water,Food,Surat,3 hrs/day,Gujarati,None,28,2.64
853,Education,Education,Ahmedabad,8 hrs/day,Gujarati,None,15,2.94
854,Education,Food,Surat,5 hrs/day,Hindi,None,50,3.52
855,Food,Water,Navsari,2 hrs/day,English,Car,1,4.5
856,Food,Water,Rajkot,3 hrs/day,English,None,26,3.45
857,Food,Food,Navsari,1 hrs/day,Gujarati,None,10,4.5
858,Medical,Water,Rajkot,1 hrs/day,Hindi,Car,46,3.44
859,Medical,Water,Surat,1 hrs/day,English,Bike,44,2.68
860,Rescue,Rescue,Vadodara,7 hrs/day,Hindi,Bike,40,2.69
861,Medical,Water,Rajkot,8 hrs/day,Hindi,Bike,15,4.34
862,Water,Food,Ahmedabad,5 hrs/day,English,Car,12,4.91
863,Rescue,Food,Vadodara,3 hrs/day,English,None,40,3.8
864,Education,Food,Rajkot,8 hrs/day,Gujarati,Car,5,4.28
865,Education,Water,Rajkot,5 hrs/day,Gujarati,None,9,3.5
866,Education,Rescue,Rajkot,3 hrs/day,English,None,22,2.63
867,Medical,Food,Ahmedabad,7 hrs/day,Hindi,Bike,43,3.51
868,Education,Education,Rajkot,6 hrs/day,English,Bike,26,3.19
869,Education,Medical,Navsari,6 hrs/day,Hindi,Bike,12,2.51
870,Education,Water,Navsari,5 hrs/day,English,Car,46,2.89
871,Medical,Education,Ahmedabad,3 hrs/day,English,Bike,26,3.41
872,Food,Food,Rajkot,5 hrs/day,Gujarati,None,34,2.71
873,Rescue,Food,Vadodara,3 hrs/day,English,Car,34,2.65
874,Rescue,Medical,Vadodara,6 hrs/day,Hindi,Bike,20,2.7
875,Rescue,Medical,Navsari,6 hrs/day,English,Car,27,4.31
876,Education,Rescue,Navsari,5 hrs/day,Gujarati,Bike,40,3.36
877,Rescue,Education,Surat,8 hrs/day,Hindi,None,22,3.53
878,Water,Rescue,Navsari,5 hrs/day,English,Bike,36,4.26
879,Rescue,Medical,Navsari,1 hrs/day,Hindi,None,37,3.49
880,Medical,Rescue,Ahmedabad,2 hrs/day,Hindi,Bike,40,4.46
881,Medical,Water,Rajkot,8 hrs/day,English,None,11,4.23
882,Food,Medical,Ahmedabad,4 hrs/day,Gujarati,Car,49,3.49
883,Food,Water,Vadodara,6 hrs/day,Hindi,Car,48,3.63
884,Education,Food,Navsari,8 hrs/day,Gujarati,Bike,5,3.32
885,Education,Rescue,Navsari,1 hrs/day,Gujarati,None,47,4.64
886,Education,Food,Vadodara,8 hrs/day,Hindi,Car,0,4.83
887,Medical,Rescue,Vadodara,7 hrs/day,Hindi,Bike,23,3.94
888,Rescue,Food,Rajkot,3 hrs/day,Gujarati,Bike,18,4.93
889,Education,Education,Surat,5 hrs/day,English,Car,1,4.0
890,Rescue,Medical,Navsari,1 hrs/day,Hindi,Car,49,4.82
891,Water,Rescue,Rajkot,1 hrs/day,Gujarati,Bike,23,4.2
892,Rescue,Food,Surat,5 hrs/day,Hindi,None,27,3.94
893,Education,Rescue,Surat,6 hrs/day,English,Car,19,2.82
894,Food,Education,Navsari,7 hrs/day,Hindi,Car,11,4.58
895,Medical,Medical,Navsari,4 hrs/day,Hindi,Car,9,4.65
896,Education,Rescue,Navsari,1 hrs/day,Gujarati,Bike,50,3.34
897,Education,Water,Vadodara,5 hrs/day,Gujarati,None,41,2.76
898,Medical,Food,Navsari,4 hrs/day,English,Bike,20,4.76
899,Rescue,Education,Ahmedabad,1 hrs/day,Hindi,None,37,3.53
900,Rescue,Rescue,Navsari,6 hrs/day,English,None,50,2.87
901,Water,Rescue,Vadodara,2 hrs/day,Hindi,None,11,3.12
902,Medical,Food,Navsari,1 hrs/day,English,None,33,3.98
903,Medical,Rescue,Ahmedabad,3 hrs/day,Hindi,None,38,2.89
904,Water,Rescue,Navsari,6 hrs/day,Hindi,Car,26,4.79
905,Education,Medical,Surat,1 hrs/day,Hindi,Bike,2,2.64
906,Food,Rescue,Surat,6 hrs/day,Gujarati,Bike,24,4.01
907,Rescue,Education,Ahmedabad,7 hrs/day,Hindi,None,12,4.28
908,Medical,Food,Navsari,5 hrs/day,Hindi,None,25,4.34
909,Medical,Food,Surat,3 hrs/day,English,Bike,50,4.87
910,Water,Education,Rajkot,8 hrs/day,Gujarati,Car,14,4.01
911,Education,Education,Navsari,1 hrs/day,English,None,48,4.63
912,Water,Water,Ahmedabad,1 hrs/day,Hindi,Bike,34,4.3
913,Medical,Food,Rajkot,2 hrs/day,Hindi,Bike,20,3.69
914,Education,Education,Vadodara,5 hrs/day,English,Bike,22,4.42
915,Water,Food,Vadodara,3 hrs/day,Hindi,None,12,2.77
916,Rescue,Rescue,Rajkot,5 hrs/day,Gujarati,Car,10,3.1
917,Food,Food,Vadodara,7 hrs/day,English,Car,23,3.36
918,Food,Medical,Navsari,2 hrs/day,Hindi,None,26,4.47
919,Rescue,Education,Surat,3 hrs/day,Gujarati,Car,3,4.3
920,Education,Rescue,Vadodara,5 hrs/day,Hindi,Bike,20,2.53
921,Food,Medical,Surat,1 hrs/day,Gujarati,Car,39,4.77
922,Food,Education,Rajkot,2 hrs/day,English,Bike,1,3.28
923,Water,Food,Rajkot,7 hrs/day,Gujarati,Bike,45,4.43
924,Education,Rescue,Ahmedabad,8 hrs/day,Hindi,None,14,3.57
925,Education,Education,Navsari,3 hrs/day,English,None,16,4.38
926,Rescue,Rescue,Rajkot,3 hrs/day,Gujarati,Car,27,4.25
927,Education,Food,Rajkot,4 hrs/day,Hindi,Bike,26,4.01
928,Education,Water,Rajkot,7 hrs/day,Hindi,None,46,2.6
929,Food,Water,Vadodara,7 hrs/day,Hindi,None,46,3.4
930,Medical,Rescue,Rajkot,4 hrs/day,English,Bike,9,4.22
931,Education,Water,Rajkot,5 hrs/day,English,Bike,21,2.82
932,Education,Water,Surat,7 hrs/day,Gujarati,None,28,2.78
933,Medical,Rescue,Rajkot,2 hrs/day,Hindi,Car,42,3.45
934,Education,Rescue,Ahmedabad,1 hrs/day,Hindi,Car,17,3.86
935,Water,Food,Navsari,1 hrs/day,Hindi,None,11,3.74
936,Education,Rescue,Ahmedabad,2 hrs/day,Gujarati,Bike,44,4.26
937,Education,Rescue,Navsari,1 hrs/day,Gujarati,Car,12,2.78
938,Food,Water,Navsari,3 hrs/day,Hindi,Bike,12,3.13
939,Education,Rescue,Navsari,2 hrs/day,Hindi,Car,50,4.88
940,Rescue,Food,Ahmedabad,4 hrs/day,Gujarati,Bike,37,4.75
941,Food,Medical,Navsari,1 hrs/day,English,Car,3,3.67
942,Rescue,Medical,Rajkot,4 hrs/day,English,Car,24,4.32
943,Medical,Education,Navsari,6 hrs/day,Gujarati,None,15,4.37
944,Rescue,Water,Vadodara,7 hrs/day,Gujarati,Car,50,4.29
945,Education,Food,Ahmedabad,4 hrs/day,Gujarati,Bike,47,3.82
946,Food,Education,Rajkot,4 hrs/day,English,None,23,4.17
947,Education,Education,Navsari,7 hrs/day,Gujarati,None,13,3.9
948,Medical,Food,Rajkot,4 hrs/day,Hindi,Car,47,3.09
949,Food,Food,Ahmedabad,7 hrs/day,Hindi,Bike,14,4.63
950,Rescue,Food,Surat,5 hrs/day,English,Car,17,4.16
951,Education,Food,Rajkot,1 hrs/day,Hindi,Car,16,3.98
952,Water,Food,Ahmedabad,7 hrs/day,English,None,33,4.44
953,Education,Rescue,Vadodara,3 hrs/day,English,Bike,29,4.64
954,Food,Rescue,Vadodara,4 hrs/day,Gujarati,Bike,43,4.34
955,Water,Rescue,Vadodara,6 hrs/day,English,Bike,32,3.01
956,Education,Education,Ahmedabad,7 hrs/day,English,Car,26,3.07
957,Rescue,Medical,Vadodara,3 hrs/day,Gujarati,Car,14,3.89
958,Water,Food,Rajkot,1 hrs/day,Hindi,Car,20,4.92
959,Rescue,Rescue,Vadodara,6 hrs/day,English,None,46,3.39
960,Water,Food,Vadodara,3 hrs/day,Gujarati,Bike,30,4.87
961,Medical,Medical,Ahmedabad,8 hrs/day,English,Bike,12,4.35
962,Medical,Food,Surat,2 hrs/day,Gujarati,Bike,24,3.89
963,Food,Education,Rajkot,3 hrs/day,English,Car,8,4.98
964,Water,Water,Navsari,1 hrs/day,Hindi,None,28,2.54
965,Medical,Education,Navsari,6 hrs/day,Gujarati,Bike,22,4.75
966,Water,Water,Vadodara,6 hrs/day,Hindi,None,25,3.12
967,Medical,Water,Rajkot,4 hrs/day,Gujarati,Bike,43,3.81
968,Education,Water,Ahmedabad,2 hrs/day,English,Bike,50,4.64
969,Rescue,Education,Ahmedabad,2 hrs/day,English,Bike,23,2.73
970,Medical,Water,Vadodara,5 hrs/day,Gujarati,Bike,12,3.15
971,Medical,Water,Rajkot,4 hrs/day,English,None,15,3.22
972,Food,Food,Vadodara,8 hrs/day,Gujarati,Bike,22,4.85
973,Rescue,Water,Vadodara,5 hrs/day,Hindi,Car,46,4.96
974,Food,Food,Vadodara,2 hrs/day,Gujarati,Car,4,4.18
975,Food,Medical,Navsari,1 hrs/day,Hindi,Bike,12,4.79
976,Water,Medical,Surat,5 hrs/day,Gujarati,None,44,3.85
977,Rescue,Medical,Vadodara,3 hrs/day,Gujarati,Bike,6,3.44
978,Food,Food,Rajkot,1 hrs/day,Hindi,Car,28,4.01
979,Medical,Food,Rajkot,4 hrs/day,Hindi,None,29,4.03
980,Education,Rescue,Ahmedabad,1 hrs/day,Gujarati,Bike,30,3.84
981,Water,Medical,Ahmedabad,4 hrs/day,Gujarati,Car,40,2.98
982,Education,Medical,Vadodara,5 hrs/day,Hindi,None,20,2.56
983,Rescue,Water,Ahmedabad,3 hrs/day,Hindi,Bike,8,3.14
984,Rescue,Rescue,Surat,8 hrs/day,Gujarati,Bike,31,3.94
985,Medical,Rescue,Surat,5 hrs/day,English,Bike,37,3.11
986,Food,Rescue,Surat,2 hrs/day,Hindi,None,24,4.89
987,Water,Education,Rajkot,5 hrs/day,Hindi,Bike,3,4.63
988,Medical,Food,Navsari,8 hrs/day,English,Bike,9,4.06
989,Food,Education,Navsari,8 hrs/day,Hindi,None,7,3.72
990,Rescue,Water,Surat,8 hrs/day,English,Car,41,4.95
991,Food,Education,Rajkot,4 hrs/day,Gujarati,Car,50,4.04
992,Medical,Water,Vadodara,6 hrs/day,English,Car,22,3.04
993,Medical,Education,Rajkot,3 hrs/day,Hindi,Bike,47,4.94
994,Food,Rescue,Rajkot,2 hrs/day,English,None,32,3.38
995,Medical,Water,Rajkot,1 hrs/day,Hindi,None,0,2.89
996,Medical,Rescue,Ahmedabad,8 hrs/day,Hindi,None,40,4.12
997,Food,Education,Rajkot,7 hrs/day,Hindi,None,14,4.47
998,Education,Food,Navsari,1 hrs/day,Hindi,Bike,6,4.27
999,Medical,Education,Rajkot,2 hrs/day,Hindi,None,36,3.91
1000,Rescue,Medical,Vadodara,2 hrs/day,Gujarati,Bike,35,4.83
